afirmacion,enunciado,partido,valor_actual,nivel,fuente_actual,interpretacion,valor_propuesto,cita_literal,url_y_pagina,comentario,revisor
"jornada","La jornada laboral máxima debe bajar por ley a 37,5 horas semanales sin reducir el salario.","PP","-1","C","Enmiendas a la totalidad al proyecto de reducción de jornada","Codificada a partir de su voto; falta enlazar el registro oficial de la votación.","","","","",""
"jornada","La jornada laboral máxima debe bajar por ley a 37,5 horas semanales sin reducir el salario.","PSOE","2","C","Enmiendas a la totalidad al proyecto de reducción de jornada","Codificada a partir de su voto; falta enlazar el registro oficial de la votación.","","","","",""
"jornada","La jornada laboral máxima debe bajar por ley a 37,5 horas semanales sin reducir el salario.","VOX","-2","C","Enmiendas a la totalidad al proyecto de reducción de jornada","Codificada a partir de su voto; falta enlazar el registro oficial de la votación.","","","","",""
"jornada","La jornada laboral máxima debe bajar por ley a 37,5 horas semanales sin reducir el salario.","SUMAR","2","C","Enmiendas a la totalidad al proyecto de reducción de jornada","Codificada a partir de su voto; falta enlazar el registro oficial de la votación.","","","","",""
"jornada","La jornada laboral máxima debe bajar por ley a 37,5 horas semanales sin reducir el salario.","POD","2","C","Enmiendas a la totalidad al proyecto de reducción de jornada","Codificada a partir de su voto; falta enlazar el registro oficial de la votación.","","","","",""
"jornada","La jornada laboral máxima debe bajar por ley a 37,5 horas semanales sin reducir el salario.","ERC","2","C","Enmiendas a la totalidad al proyecto de reducción de jornada","Codificada a partir de su voto; falta enlazar el registro oficial de la votación.","","","","",""
"jornada","La jornada laboral máxima debe bajar por ley a 37,5 horas semanales sin reducir el salario.","JUNTS","-1","C","Enmiendas a la totalidad al proyecto de reducción de jornada","Codificada a partir de su voto; falta enlazar el registro oficial de la votación.","","","","",""
"jornada","La jornada laboral máxima debe bajar por ley a 37,5 horas semanales sin reducir el salario.","BILDU","2","C","Enmiendas a la totalidad al proyecto de reducción de jornada","Codificada a partir de su voto; falta enlazar el registro oficial de la votación.","","","","",""
"jornada","La jornada laboral máxima debe bajar por ley a 37,5 horas semanales sin reducir el salario.","PNV","1","C","Enmiendas a la totalidad al proyecto de reducción de jornada","Codificada a partir de su voto; falta enlazar el registro oficial de la votación.","","","","",""
"jornada","La jornada laboral máxima debe bajar por ley a 37,5 horas semanales sin reducir el salario.","BNG","2","C","Enmiendas a la totalidad al proyecto de reducción de jornada","Codificada a partir de su voto; falta enlazar el registro oficial de la votación.","","","","",""
"jornada","La jornada laboral máxima debe bajar por ley a 37,5 horas semanales sin reducir el salario.","CC","sin posición","","","No se ha encontrado evidencia suficiente.","","","","",""
"jornada","La jornada laboral máxima debe bajar por ley a 37,5 horas semanales sin reducir el salario.","UPN","-1","C","Enmiendas a la totalidad al proyecto de reducción de jornada","Codificada a partir de su voto; falta enlazar el registro oficial de la votación.","","","","",""
"irpf","Si hay margen en las cuentas públicas, es preferible bajar el IRPF que aumentar el gasto público.","PP","2","B","Programa electoral PP · Generales 2023","Codificada a partir del programa; falta localizar la página y la cita literal.","","","","",""
"irpf","Si hay margen en las cuentas públicas, es preferible bajar el IRPF que aumentar el gasto público.","PSOE","0","B","Programa electoral PSOE · Generales 2023","Codificada a partir del programa; falta localizar la página y la cita literal.","","","","",""
"irpf","Si hay margen en las cuentas públicas, es preferible bajar el IRPF que aumentar el gasto público.","VOX","2","B","Programa electoral Vox · Generales 2023","Codificada a partir del programa; falta localizar la página y la cita literal.","","","","",""
"irpf","Si hay margen en las cuentas públicas, es preferible bajar el IRPF que aumentar el gasto público.","SUMAR","-1","B","Programa electoral Sumar · Generales 2023","Codificada a partir del programa; falta localizar la página y la cita literal.","","","","",""
"irpf","Si hay margen en las cuentas públicas, es preferible bajar el IRPF que aumentar el gasto público.","POD","-1","B","Programa Podemos · Europeas 2024","Codificada a partir del programa; falta localizar la página y la cita literal.","","","","",""
"irpf","Si hay margen en las cuentas públicas, es preferible bajar el IRPF que aumentar el gasto público.","ERC","-1","E","","Inferencia editorial a partir de la orientación general del partido; no hay propuesta explícita localizada.","","","","",""
"irpf","Si hay margen en las cuentas públicas, es preferible bajar el IRPF que aumentar el gasto público.","JUNTS","1","E","","Inferencia editorial a partir de la orientación general del partido; no hay propuesta explícita localizada.","","","","",""
"irpf","Si hay margen en las cuentas públicas, es preferible bajar el IRPF que aumentar el gasto público.","BILDU","-1","E","","Inferencia editorial a partir de la orientación general del partido; no hay propuesta explícita localizada.","","","","",""
"irpf","Si hay margen en las cuentas públicas, es preferible bajar el IRPF que aumentar el gasto público.","PNV","0","E","","Inferencia editorial a partir de la orientación general del partido; no hay propuesta explícita localizada.","","","","",""
"irpf","Si hay margen en las cuentas públicas, es preferible bajar el IRPF que aumentar el gasto público.","BNG","-1","E","","Inferencia editorial a partir de la orientación general del partido; no hay propuesta explícita localizada.","","","","",""
"irpf","Si hay margen en las cuentas públicas, es preferible bajar el IRPF que aumentar el gasto público.","CC","1","E","","Inferencia editorial a partir de la orientación general del partido; no hay propuesta explícita localizada.","","","","",""
"irpf","Si hay margen en las cuentas públicas, es preferible bajar el IRPF que aumentar el gasto público.","UPN","1","E","","Inferencia editorial a partir de la orientación general del partido; no hay propuesta explícita localizada.","","","","",""
"grandes-fortunas","Deberían suprimirse los impuestos especiales a las grandes fortunas y a los beneficios de bancos y energéticas.","PP","2","B","Programa electoral PP · Generales 2023","Codificada a partir del programa; falta localizar la página y la cita literal.","","","","",""
"grandes-fortunas","Deberían suprimirse los impuestos especiales a las grandes fortunas y a los beneficios de bancos y energéticas.","PSOE","-2","B","Programa electoral PSOE · Generales 2023","Codificada a partir del programa; falta localizar la página y la cita literal.","","","","",""
"grandes-fortunas","Deberían suprimirse los impuestos especiales a las grandes fortunas y a los beneficios de bancos y energéticas.","VOX","2","B","Programa electoral Vox · Generales 2023","Codificada a partir del programa; falta localizar la página y la cita literal.","","","","",""
"grandes-fortunas","Deberían suprimirse los impuestos especiales a las grandes fortunas y a los beneficios de bancos y energéticas.","SUMAR","-2","B","Programa electoral Sumar · Generales 2023","Codificada a partir del programa; falta localizar la página y la cita literal.","","","","",""
"grandes-fortunas","Deberían suprimirse los impuestos especiales a las grandes fortunas y a los beneficios de bancos y energéticas.","POD","-2","B","Programa Podemos · Europeas 2024","Codificada a partir del programa; falta localizar la página y la cita literal.","","","","",""
"grandes-fortunas","Deberían suprimirse los impuestos especiales a las grandes fortunas y a los beneficios de bancos y energéticas.","ERC","-2","E","","Inferencia editorial a partir de la orientación general del partido; no hay propuesta explícita localizada.","","","","",""
"grandes-fortunas","Deberían suprimirse los impuestos especiales a las grandes fortunas y a los beneficios de bancos y energéticas.","JUNTS","1","E","","Inferencia editorial a partir de la orientación general del partido; no hay propuesta explícita localizada.","","","","",""
"grandes-fortunas","Deberían suprimirse los impuestos especiales a las grandes fortunas y a los beneficios de bancos y energéticas.","BILDU","-2","E","","Inferencia editorial a partir de la orientación general del partido; no hay propuesta explícita localizada.","","","","",""
"grandes-fortunas","Deberían suprimirse los impuestos especiales a las grandes fortunas y a los beneficios de bancos y energéticas.","PNV","1","E","","Inferencia editorial a partir de la orientación general del partido; no hay propuesta explícita localizada.","","","","",""
"grandes-fortunas","Deberían suprimirse los impuestos especiales a las grandes fortunas y a los beneficios de bancos y energéticas.","BNG","-2","E","","Inferencia editorial a partir de la orientación general del partido; no hay propuesta explícita localizada.","","","","",""
"grandes-fortunas","Deberían suprimirse los impuestos especiales a las grandes fortunas y a los beneficios de bancos y energéticas.","CC","sin posición","","","No se ha encontrado evidencia suficiente.","","","","",""
"grandes-fortunas","Deberían suprimirse los impuestos especiales a las grandes fortunas y a los beneficios de bancos y energéticas.","UPN","2","E","","Inferencia editorial a partir de la orientación general del partido; no hay propuesta explícita localizada.","","","","",""
"sucesiones","El impuesto de sucesiones y donaciones debería bajar o eliminarse en toda España.","PP","2","B","Programa electoral PP · Generales 2023","Codificada a partir del programa; falta localizar la página y la cita literal.","","","","",""
"sucesiones","El impuesto de sucesiones y donaciones debería bajar o eliminarse en toda España.","PSOE","-1","B","Programa electoral PSOE · Generales 2023","Codificada a partir del programa; falta localizar la página y la cita literal.","","","","",""
"sucesiones","El impuesto de sucesiones y donaciones debería bajar o eliminarse en toda España.","VOX","2","B","Programa electoral Vox · Generales 2023","Codificada a partir del programa; falta localizar la página y la cita literal.","","","","",""
"sucesiones","El impuesto de sucesiones y donaciones debería bajar o eliminarse en toda España.","SUMAR","-2","B","Programa electoral Sumar · Generales 2023","Codificada a partir del programa; falta localizar la página y la cita literal.","","","","",""
"sucesiones","El impuesto de sucesiones y donaciones debería bajar o eliminarse en toda España.","POD","-2","B","Programa Podemos · Europeas 2024","Codificada a partir del programa; falta localizar la página y la cita literal.","","","","",""
"sucesiones","El impuesto de sucesiones y donaciones debería bajar o eliminarse en toda España.","ERC","-1","E","","Inferencia editorial a partir de la orientación general del partido; no hay propuesta explícita localizada.","","","","",""
"sucesiones","El impuesto de sucesiones y donaciones debería bajar o eliminarse en toda España.","JUNTS","0","E","","Inferencia editorial a partir de la orientación general del partido; no hay propuesta explícita localizada.","","","","",""
"sucesiones","El impuesto de sucesiones y donaciones debería bajar o eliminarse en toda España.","BILDU","-2","E","","Inferencia editorial a partir de la orientación general del partido; no hay propuesta explícita localizada.","","","","",""
"sucesiones","El impuesto de sucesiones y donaciones debería bajar o eliminarse en toda España.","PNV","sin posición","","","No se ha encontrado evidencia suficiente.","","","","",""
"sucesiones","El impuesto de sucesiones y donaciones debería bajar o eliminarse en toda España.","BNG","-2","E","","Inferencia editorial a partir de la orientación general del partido; no hay propuesta explícita localizada.","","","","",""
"sucesiones","El impuesto de sucesiones y donaciones debería bajar o eliminarse en toda España.","CC","1","E","","Inferencia editorial a partir de la orientación general del partido; no hay propuesta explícita localizada.","","","","",""
"sucesiones","El impuesto de sucesiones y donaciones debería bajar o eliminarse en toda España.","UPN","1","E","","Inferencia editorial a partir de la orientación general del partido; no hay propuesta explícita localizada.","","","","",""
"alquiler","Las administraciones deben poder limitar el precio del alquiler en las zonas con precios tensionados.","PP","-2","B","Programa electoral PP · Generales 2023","Codificada a partir del programa; falta localizar la página y la cita literal.","","","","",""
"alquiler","Las administraciones deben poder limitar el precio del alquiler en las zonas con precios tensionados.","PSOE","1","B","Programa electoral PSOE · Generales 2023","Codificada a partir del programa; falta localizar la página y la cita literal.","","","","",""
"alquiler","Las administraciones deben poder limitar el precio del alquiler en las zonas con precios tensionados.","VOX","-2","B","Programa electoral Vox · Generales 2023","Codificada a partir del programa; falta localizar la página y la cita literal.","","","","",""
"alquiler","Las administraciones deben poder limitar el precio del alquiler en las zonas con precios tensionados.","SUMAR","2","B","Programa electoral Sumar · Generales 2023","Codificada a partir del programa; falta localizar la página y la cita literal.","","","","",""
"alquiler","Las administraciones deben poder limitar el precio del alquiler en las zonas con precios tensionados.","POD","2","B","Programa Podemos · Europeas 2024","Codificada a partir del programa; falta localizar la página y la cita literal.","","","","",""
"alquiler","Las administraciones deben poder limitar el precio del alquiler en las zonas con precios tensionados.","ERC","2","E","","Inferencia editorial a partir de la orientación general del partido; no hay propuesta explícita localizada.","","","","",""
"alquiler","Las administraciones deben poder limitar el precio del alquiler en las zonas con precios tensionados.","JUNTS","-1","E","","Inferencia editorial a partir de la orientación general del partido; no hay propuesta explícita localizada.","","","","",""
"alquiler","Las administraciones deben poder limitar el precio del alquiler en las zonas con precios tensionados.","BILDU","2","E","","Inferencia editorial a partir de la orientación general del partido; no hay propuesta explícita localizada.","","","","",""
"alquiler","Las administraciones deben poder limitar el precio del alquiler en las zonas con precios tensionados.","PNV","1","E","","Inferencia editorial a partir de la orientación general del partido; no hay propuesta explícita localizada.","","","","",""
"alquiler","Las administraciones deben poder limitar el precio del alquiler en las zonas con precios tensionados.","BNG","2","E","","Inferencia editorial a partir de la orientación general del partido; no hay propuesta explícita localizada.","","","","",""
"alquiler","Las administraciones deben poder limitar el precio del alquiler en las zonas con precios tensionados.","CC","-1","E","","Inferencia editorial a partir de la orientación general del partido; no hay propuesta explícita localizada.","","","","",""
"alquiler","Las administraciones deben poder limitar el precio del alquiler en las zonas con precios tensionados.","UPN","-2","E","","Inferencia editorial a partir de la orientación general del partido; no hay propuesta explícita localizada.","","","","",""
"okupacion","Hay que acelerar por ley el desalojo de las viviendas ocupadas ilegalmente.","PP","2","B","Programa electoral PP · Generales 2023","Codificada a partir del programa; falta localizar la página y la cita literal.","","","","",""
"okupacion","Hay que acelerar por ley el desalojo de las viviendas ocupadas ilegalmente.","PSOE","0","B","Programa electoral PSOE · Generales 2023","Codificada a partir del programa; falta localizar la página y la cita literal.","","","","",""
"okupacion","Hay que acelerar por ley el desalojo de las viviendas ocupadas ilegalmente.","VOX","2","B","Programa electoral Vox · Generales 2023","Codificada a partir del programa; falta localizar la página y la cita literal.","","","","",""
"okupacion","Hay que acelerar por ley el desalojo de las viviendas ocupadas ilegalmente.","SUMAR","-1","B","Programa electoral Sumar · Generales 2023","Codificada a partir del programa; falta localizar la página y la cita literal.","","","","",""
"okupacion","Hay que acelerar por ley el desalojo de las viviendas ocupadas ilegalmente.","POD","-2","B","Programa Podemos · Europeas 2024","Codificada a partir del programa; falta localizar la página y la cita literal.","","","","",""
"okupacion","Hay que acelerar por ley el desalojo de las viviendas ocupadas ilegalmente.","ERC","-1","E","","Inferencia editorial a partir de la orientación general del partido; no hay propuesta explícita localizada.","","","","",""
"okupacion","Hay que acelerar por ley el desalojo de las viviendas ocupadas ilegalmente.","JUNTS","2","E","","Inferencia editorial a partir de la orientación general del partido; no hay propuesta explícita localizada.","","","","",""
"okupacion","Hay que acelerar por ley el desalojo de las viviendas ocupadas ilegalmente.","BILDU","-2","E","","Inferencia editorial a partir de la orientación general del partido; no hay propuesta explícita localizada.","","","","",""
"okupacion","Hay que acelerar por ley el desalojo de las viviendas ocupadas ilegalmente.","PNV","1","E","","Inferencia editorial a partir de la orientación general del partido; no hay propuesta explícita localizada.","","","","",""
"okupacion","Hay que acelerar por ley el desalojo de las viviendas ocupadas ilegalmente.","BNG","-2","E","","Inferencia editorial a partir de la orientación general del partido; no hay propuesta explícita localizada.","","","","",""
"okupacion","Hay que acelerar por ley el desalojo de las viviendas ocupadas ilegalmente.","CC","1","E","","Inferencia editorial a partir de la orientación general del partido; no hay propuesta explícita localizada.","","","","",""
"okupacion","Hay que acelerar por ley el desalojo de las viviendas ocupadas ilegalmente.","UPN","2","E","","Inferencia editorial a partir de la orientación general del partido; no hay propuesta explícita localizada.","","","","",""
"turisticos","El Estado no debería imponer nuevos límites a los pisos turísticos.","PP","1","D","","Codificada a partir de declaraciones o decisiones públicas; falta la cita concreta.","","","","",""
"turisticos","El Estado no debería imponer nuevos límites a los pisos turísticos.","PSOE","-1","D","","Codificada a partir de declaraciones o decisiones públicas; falta la cita concreta.","","","","",""
"turisticos","El Estado no debería imponer nuevos límites a los pisos turísticos.","VOX","1","D","","Codificada a partir de declaraciones o decisiones públicas; falta la cita concreta.","","","","",""
"turisticos","El Estado no debería imponer nuevos límites a los pisos turísticos.","SUMAR","-2","D","","Codificada a partir de declaraciones o decisiones públicas; falta la cita concreta.","","","","",""
"turisticos","El Estado no debería imponer nuevos límites a los pisos turísticos.","POD","-2","D","","Codificada a partir de declaraciones o decisiones públicas; falta la cita concreta.","","","","",""
"turisticos","El Estado no debería imponer nuevos límites a los pisos turísticos.","ERC","-1","D","","Codificada a partir de declaraciones o decisiones públicas; falta la cita concreta.","","","","",""
"turisticos","El Estado no debería imponer nuevos límites a los pisos turísticos.","JUNTS","1","D","","Codificada a partir de declaraciones o decisiones públicas; falta la cita concreta.","","","","",""
"turisticos","El Estado no debería imponer nuevos límites a los pisos turísticos.","BILDU","-2","D","","Codificada a partir de declaraciones o decisiones públicas; falta la cita concreta.","","","","",""
"turisticos","El Estado no debería imponer nuevos límites a los pisos turísticos.","PNV","0","D","","Codificada a partir de declaraciones o decisiones públicas; falta la cita concreta.","","","","",""
"turisticos","El Estado no debería imponer nuevos límites a los pisos turísticos.","BNG","-2","D","","Codificada a partir de declaraciones o decisiones públicas; falta la cita concreta.","","","","",""
"turisticos","El Estado no debería imponer nuevos límites a los pisos turísticos.","CC","sin posición","","","No se ha encontrado evidencia suficiente.","","","","",""
"turisticos","El Estado no debería imponer nuevos límites a los pisos turísticos.","UPN","1","D","","Codificada a partir de declaraciones o decisiones públicas; falta la cita concreta.","","","","",""
"regularizacion","Debe mantenerse la regularización extraordinaria de inmigrantes aprobada en 2026.","PP","-1","D","","Codificada a partir de declaraciones o decisiones públicas; falta la cita concreta.","","","","",""
"regularizacion","Debe mantenerse la regularización extraordinaria de inmigrantes aprobada en 2026.","PSOE","2","D","","Codificada a partir de declaraciones o decisiones públicas; falta la cita concreta.","","","","",""
"regularizacion","Debe mantenerse la regularización extraordinaria de inmigrantes aprobada en 2026.","VOX","-2","D","","Codificada a partir de declaraciones o decisiones públicas; falta la cita concreta.","","","","",""
"regularizacion","Debe mantenerse la regularización extraordinaria de inmigrantes aprobada en 2026.","SUMAR","2","D","","Codificada a partir de declaraciones o decisiones públicas; falta la cita concreta.","","","","",""
"regularizacion","Debe mantenerse la regularización extraordinaria de inmigrantes aprobada en 2026.","POD","2","D","","Codificada a partir de declaraciones o decisiones públicas; falta la cita concreta.","","","","",""
"regularizacion","Debe mantenerse la regularización extraordinaria de inmigrantes aprobada en 2026.","ERC","2","D","","Codificada a partir de declaraciones o decisiones públicas; falta la cita concreta.","","","","",""
"regularizacion","Debe mantenerse la regularización extraordinaria de inmigrantes aprobada en 2026.","JUNTS","-1","D","","Codificada a partir de declaraciones o decisiones públicas; falta la cita concreta.","","","","",""
"regularizacion","Debe mantenerse la regularización extraordinaria de inmigrantes aprobada en 2026.","BILDU","2","D","","Codificada a partir de declaraciones o decisiones públicas; falta la cita concreta.","","","","",""
"regularizacion","Debe mantenerse la regularización extraordinaria de inmigrantes aprobada en 2026.","PNV","1","D","","Codificada a partir de declaraciones o decisiones públicas; falta la cita concreta.","","","","",""
"regularizacion","Debe mantenerse la regularización extraordinaria de inmigrantes aprobada en 2026.","BNG","2","D","","Codificada a partir de declaraciones o decisiones públicas; falta la cita concreta.","","","","",""
"regularizacion","Debe mantenerse la regularización extraordinaria de inmigrantes aprobada en 2026.","CC","sin posición","","","No se ha encontrado evidencia suficiente.","","","","",""
"regularizacion","Debe mantenerse la regularización extraordinaria de inmigrantes aprobada en 2026.","UPN","-1","D","","Codificada a partir de declaraciones o decisiones públicas; falta la cita concreta.","","","","",""
"expulsiones","Hay que priorizar la expulsión de los inmigrantes en situación irregular.","PP","1","B","Programa electoral PP · Generales 2023","Codificada a partir del programa; falta localizar la página y la cita literal.","","","","",""
"expulsiones","Hay que priorizar la expulsión de los inmigrantes en situación irregular.","PSOE","-1","B","Programa electoral PSOE · Generales 2023","Codificada a partir del programa; falta localizar la página y la cita literal.","","","","",""
"expulsiones","Hay que priorizar la expulsión de los inmigrantes en situación irregular.","VOX","2","B","Programa electoral Vox · Generales 2023","Codificada a partir del programa; falta localizar la página y la cita literal.","","","","",""
"expulsiones","Hay que priorizar la expulsión de los inmigrantes en situación irregular.","SUMAR","-2","B","Programa electoral Sumar · Generales 2023","Codificada a partir del programa; falta localizar la página y la cita literal.","","","","",""
"expulsiones","Hay que priorizar la expulsión de los inmigrantes en situación irregular.","POD","-2","B","Programa Podemos · Europeas 2024","Codificada a partir del programa; falta localizar la página y la cita literal.","","","","",""
"expulsiones","Hay que priorizar la expulsión de los inmigrantes en situación irregular.","ERC","-2","E","","Inferencia editorial a partir de la orientación general del partido; no hay propuesta explícita localizada.","","","","",""
"expulsiones","Hay que priorizar la expulsión de los inmigrantes en situación irregular.","JUNTS","1","E","","Inferencia editorial a partir de la orientación general del partido; no hay propuesta explícita localizada.","","","","",""
"expulsiones","Hay que priorizar la expulsión de los inmigrantes en situación irregular.","BILDU","-2","E","","Inferencia editorial a partir de la orientación general del partido; no hay propuesta explícita localizada.","","","","",""
"expulsiones","Hay que priorizar la expulsión de los inmigrantes en situación irregular.","PNV","-1","E","","Inferencia editorial a partir de la orientación general del partido; no hay propuesta explícita localizada.","","","","",""
"expulsiones","Hay que priorizar la expulsión de los inmigrantes en situación irregular.","BNG","-2","E","","Inferencia editorial a partir de la orientación general del partido; no hay propuesta explícita localizada.","","","","",""
"expulsiones","Hay que priorizar la expulsión de los inmigrantes en situación irregular.","CC","sin posición","","","No se ha encontrado evidencia suficiente.","","","","",""
"expulsiones","Hay que priorizar la expulsión de los inmigrantes en situación irregular.","UPN","1","E","","Inferencia editorial a partir de la orientación general del partido; no hay propuesta explícita localizada.","","","","",""
"competencias-inmigracion","Las comunidades autónomas deberían poder gestionar competencias de inmigración, como el control de permisos.","PP","-2","C","Ley orgánica de delegación de competencias de inmigración en Cataluña","Codificada a partir de su voto; falta enlazar el registro oficial de la votación.","","","","",""
"competencias-inmigracion","Las comunidades autónomas deberían poder gestionar competencias de inmigración, como el control de permisos.","PSOE","1","C","Ley orgánica de delegación de competencias de inmigración en Cataluña","Codificada a partir de su voto; falta enlazar el registro oficial de la votación.","","","","",""
"competencias-inmigracion","Las comunidades autónomas deberían poder gestionar competencias de inmigración, como el control de permisos.","VOX","-2","C","Ley orgánica de delegación de competencias de inmigración en Cataluña","Codificada a partir de su voto; falta enlazar el registro oficial de la votación.","","","","",""
"competencias-inmigracion","Las comunidades autónomas deberían poder gestionar competencias de inmigración, como el control de permisos.","SUMAR","1","C","Ley orgánica de delegación de competencias de inmigración en Cataluña","Codificada a partir de su voto; falta enlazar el registro oficial de la votación.","","","","",""
"competencias-inmigracion","Las comunidades autónomas deberían poder gestionar competencias de inmigración, como el control de permisos.","POD","-2","C","Ley orgánica de delegación de competencias de inmigración en Cataluña","Codificada a partir de su voto; falta enlazar el registro oficial de la votación.","","","","",""
"competencias-inmigracion","Las comunidades autónomas deberían poder gestionar competencias de inmigración, como el control de permisos.","ERC","1","E","","Inferencia editorial a partir de la orientación general del partido; no hay propuesta explícita localizada.","","","","",""
"competencias-inmigracion","Las comunidades autónomas deberían poder gestionar competencias de inmigración, como el control de permisos.","JUNTS","2","C","Ley orgánica de delegación de competencias de inmigración en Cataluña","Codificada a partir de su voto; falta enlazar el registro oficial de la votación.","","","","",""
"competencias-inmigracion","Las comunidades autónomas deberían poder gestionar competencias de inmigración, como el control de permisos.","BILDU","1","E","","Inferencia editorial a partir de la orientación general del partido; no hay propuesta explícita localizada.","","","","",""
"competencias-inmigracion","Las comunidades autónomas deberían poder gestionar competencias de inmigración, como el control de permisos.","PNV","2","E","","Inferencia editorial a partir de la orientación general del partido; no hay propuesta explícita localizada.","","","","",""
"competencias-inmigracion","Las comunidades autónomas deberían poder gestionar competencias de inmigración, como el control de permisos.","BNG","1","E","","Inferencia editorial a partir de la orientación general del partido; no hay propuesta explícita localizada.","","","","",""
"competencias-inmigracion","Las comunidades autónomas deberían poder gestionar competencias de inmigración, como el control de permisos.","CC","2","E","","Inferencia editorial a partir de la orientación general del partido; no hay propuesta explícita localizada.","","","","",""
"competencias-inmigracion","Las comunidades autónomas deberían poder gestionar competencias de inmigración, como el control de permisos.","UPN","-1","E","","Inferencia editorial a partir de la orientación general del partido; no hay propuesta explícita localizada.","","","","",""
"eutanasia","La ley de eutanasia debería derogarse.","PP","0","C","Ley Orgánica 3/2021 de regulación de la eutanasia · votación final","Codificada a partir de su voto; falta enlazar el registro oficial de la votación.","","","","",""
"eutanasia","La ley de eutanasia debería derogarse.","PSOE","-2","C","Ley Orgánica 3/2021 de regulación de la eutanasia · votación final","Codificada a partir de su voto; falta enlazar el registro oficial de la votación.","","","","",""
"eutanasia","La ley de eutanasia debería derogarse.","VOX","2","C","Ley Orgánica 3/2021 de regulación de la eutanasia · votación final","Codificada a partir de su voto; falta enlazar el registro oficial de la votación.","","","","",""
"eutanasia","La ley de eutanasia debería derogarse.","SUMAR","-2","B","Programa electoral Sumar · Generales 2023","Codificada a partir del programa; falta localizar la página y la cita literal.","","","","",""
"eutanasia","La ley de eutanasia debería derogarse.","POD","-2","B","Programa Podemos · Europeas 2024","Codificada a partir del programa; falta localizar la página y la cita literal.","","","","",""
"eutanasia","La ley de eutanasia debería derogarse.","ERC","-2","C","Ley Orgánica 3/2021 de regulación de la eutanasia · votación final","Codificada a partir de su voto; falta enlazar el registro oficial de la votación.","","","","",""
"eutanasia","La ley de eutanasia debería derogarse.","JUNTS","-2","C","Ley Orgánica 3/2021 de regulación de la eutanasia · votación final","Codificada a partir de su voto; falta enlazar el registro oficial de la votación.","","","","",""
"eutanasia","La ley de eutanasia debería derogarse.","BILDU","-2","C","Ley Orgánica 3/2021 de regulación de la eutanasia · votación final","Codificada a partir de su voto; falta enlazar el registro oficial de la votación.","","","","",""
"eutanasia","La ley de eutanasia debería derogarse.","PNV","-2","C","Ley Orgánica 3/2021 de regulación de la eutanasia · votación final","Codificada a partir de su voto; falta enlazar el registro oficial de la votación.","","","","",""
"eutanasia","La ley de eutanasia debería derogarse.","BNG","-2","C","Ley Orgánica 3/2021 de regulación de la eutanasia · votación final","Codificada a partir de su voto; falta enlazar el registro oficial de la votación.","","","","",""
"eutanasia","La ley de eutanasia debería derogarse.","CC","sin posición","","","No se ha encontrado evidencia suficiente.","","","","",""
"eutanasia","La ley de eutanasia debería derogarse.","UPN","2","C","Ley Orgánica 3/2021 de regulación de la eutanasia · votación final","Codificada a partir de su voto; falta enlazar el registro oficial de la votación.","","","","",""
"aborto","El derecho al aborto debería protegerse en la Constitución.","PP","-1","B","Programa electoral PP · Generales 2023","Codificada a partir del programa; falta localizar la página y la cita literal.","","","","",""
"aborto","El derecho al aborto debería protegerse en la Constitución.","PSOE","2","B","Programa electoral PSOE · Generales 2023","Codificada a partir del programa; falta localizar la página y la cita literal.","","","","",""
"aborto","El derecho al aborto debería protegerse en la Constitución.","VOX","-2","B","Programa electoral Vox · Generales 2023","Codificada a partir del programa; falta localizar la página y la cita literal.","","","","",""
"aborto","El derecho al aborto debería protegerse en la Constitución.","SUMAR","2","B","Programa electoral Sumar · Generales 2023","Codificada a partir del programa; falta localizar la página y la cita literal.","","","","",""
"aborto","El derecho al aborto debería protegerse en la Constitución.","POD","2","B","Programa Podemos · Europeas 2024","Codificada a partir del programa; falta localizar la página y la cita literal.","","","","",""
"aborto","El derecho al aborto debería protegerse en la Constitución.","ERC","2","E","","Inferencia editorial a partir de la orientación general del partido; no hay propuesta explícita localizada.","","","","",""
"aborto","El derecho al aborto debería protegerse en la Constitución.","JUNTS","1","E","","Inferencia editorial a partir de la orientación general del partido; no hay propuesta explícita localizada.","","","","",""
"aborto","El derecho al aborto debería protegerse en la Constitución.","BILDU","2","E","","Inferencia editorial a partir de la orientación general del partido; no hay propuesta explícita localizada.","","","","",""
"aborto","El derecho al aborto debería protegerse en la Constitución.","PNV","1","E","","Inferencia editorial a partir de la orientación general del partido; no hay propuesta explícita localizada.","","","","",""
"aborto","El derecho al aborto debería protegerse en la Constitución.","BNG","2","E","","Inferencia editorial a partir de la orientación general del partido; no hay propuesta explícita localizada.","","","","",""
"aborto","El derecho al aborto debería protegerse en la Constitución.","CC","sin posición","","","No se ha encontrado evidencia suficiente.","","","","",""
"aborto","El derecho al aborto debería protegerse en la Constitución.","UPN","-2","E","","Inferencia editorial a partir de la orientación general del partido; no hay propuesta explícita localizada.","","","","",""
"trans","Debe mantenerse la ley que permite cambiar el sexo registral por autodeterminación.","PP","-2","B","Programa electoral PP · Generales 2023","Codificada a partir del programa; falta localizar la página y la cita literal.","","","","",""
"trans","Debe mantenerse la ley que permite cambiar el sexo registral por autodeterminación.","PSOE","1","B","Programa electoral PSOE · Generales 2023","Codificada a partir del programa; falta localizar la página y la cita literal.","","","","",""
"trans","Debe mantenerse la ley que permite cambiar el sexo registral por autodeterminación.","VOX","-2","B","Programa electoral Vox · Generales 2023","Codificada a partir del programa; falta localizar la página y la cita literal.","","","","",""
"trans","Debe mantenerse la ley que permite cambiar el sexo registral por autodeterminación.","SUMAR","2","B","Programa electoral Sumar · Generales 2023","Codificada a partir del programa; falta localizar la página y la cita literal.","","","","",""
"trans","Debe mantenerse la ley que permite cambiar el sexo registral por autodeterminación.","POD","2","B","Programa Podemos · Europeas 2024","Codificada a partir del programa; falta localizar la página y la cita literal.","","","","",""
"trans","Debe mantenerse la ley que permite cambiar el sexo registral por autodeterminación.","ERC","2","E","","Inferencia editorial a partir de la orientación general del partido; no hay propuesta explícita localizada.","","","","",""
"trans","Debe mantenerse la ley que permite cambiar el sexo registral por autodeterminación.","JUNTS","1","E","","Inferencia editorial a partir de la orientación general del partido; no hay propuesta explícita localizada.","","","","",""
"trans","Debe mantenerse la ley que permite cambiar el sexo registral por autodeterminación.","BILDU","2","E","","Inferencia editorial a partir de la orientación general del partido; no hay propuesta explícita localizada.","","","","",""
"trans","Debe mantenerse la ley que permite cambiar el sexo registral por autodeterminación.","PNV","1","E","","Inferencia editorial a partir de la orientación general del partido; no hay propuesta explícita localizada.","","","","",""
"trans","Debe mantenerse la ley que permite cambiar el sexo registral por autodeterminación.","BNG","2","E","","Inferencia editorial a partir de la orientación general del partido; no hay propuesta explícita localizada.","","","","",""
"trans","Debe mantenerse la ley que permite cambiar el sexo registral por autodeterminación.","CC","sin posición","","","No se ha encontrado evidencia suficiente.","","","","",""
"trans","Debe mantenerse la ley que permite cambiar el sexo registral por autodeterminación.","UPN","-2","E","","Inferencia editorial a partir de la orientación general del partido; no hay propuesta explícita localizada.","","","","",""
"violencia-genero","La ley integral de violencia de género debería sustituirse por una ley de violencia intrafamiliar.","PP","-1","B","Programa electoral PP · Generales 2023","Codificada a partir del programa; falta localizar la página y la cita literal.","","","","",""
"violencia-genero","La ley integral de violencia de género debería sustituirse por una ley de violencia intrafamiliar.","PSOE","-2","B","Programa electoral PSOE · Generales 2023","Codificada a partir del programa; falta localizar la página y la cita literal.","","","","",""
"violencia-genero","La ley integral de violencia de género debería sustituirse por una ley de violencia intrafamiliar.","VOX","2","B","Programa electoral Vox · Generales 2023","Codificada a partir del programa; falta localizar la página y la cita literal.","","","","",""
"violencia-genero","La ley integral de violencia de género debería sustituirse por una ley de violencia intrafamiliar.","SUMAR","-2","B","Programa electoral Sumar · Generales 2023","Codificada a partir del programa; falta localizar la página y la cita literal.","","","","",""
"violencia-genero","La ley integral de violencia de género debería sustituirse por una ley de violencia intrafamiliar.","POD","-2","B","Programa Podemos · Europeas 2024","Codificada a partir del programa; falta localizar la página y la cita literal.","","","","",""
"violencia-genero","La ley integral de violencia de género debería sustituirse por una ley de violencia intrafamiliar.","ERC","-2","E","","Inferencia editorial a partir de la orientación general del partido; no hay propuesta explícita localizada.","","","","",""
"violencia-genero","La ley integral de violencia de género debería sustituirse por una ley de violencia intrafamiliar.","JUNTS","-2","E","","Inferencia editorial a partir de la orientación general del partido; no hay propuesta explícita localizada.","","","","",""
"violencia-genero","La ley integral de violencia de género debería sustituirse por una ley de violencia intrafamiliar.","BILDU","-2","E","","Inferencia editorial a partir de la orientación general del partido; no hay propuesta explícita localizada.","","","","",""
"violencia-genero","La ley integral de violencia de género debería sustituirse por una ley de violencia intrafamiliar.","PNV","-2","E","","Inferencia editorial a partir de la orientación general del partido; no hay propuesta explícita localizada.","","","","",""
"violencia-genero","La ley integral de violencia de género debería sustituirse por una ley de violencia intrafamiliar.","BNG","-2","E","","Inferencia editorial a partir de la orientación general del partido; no hay propuesta explícita localizada.","","","","",""
"violencia-genero","La ley integral de violencia de género debería sustituirse por una ley de violencia intrafamiliar.","CC","-2","E","","Inferencia editorial a partir de la orientación general del partido; no hay propuesta explícita localizada.","","","","",""
"violencia-genero","La ley integral de violencia de género debería sustituirse por una ley de violencia intrafamiliar.","UPN","-1","E","","Inferencia editorial a partir de la orientación general del partido; no hay propuesta explícita localizada.","","","","",""
"memoria","La Ley de Memoria Democrática debería derogarse.","PP","1","B","Programa electoral PP · Generales 2023","Codificada a partir del programa; falta localizar la página y la cita literal.","","","","",""
"memoria","La Ley de Memoria Democrática debería derogarse.","PSOE","-2","B","Programa electoral PSOE · Generales 2023","Codificada a partir del programa; falta localizar la página y la cita literal.","","","","",""
"memoria","La Ley de Memoria Democrática debería derogarse.","VOX","2","B","Programa electoral Vox · Generales 2023","Codificada a partir del programa; falta localizar la página y la cita literal.","","","","",""
"memoria","La Ley de Memoria Democrática debería derogarse.","SUMAR","-2","B","Programa electoral Sumar · Generales 2023","Codificada a partir del programa; falta localizar la página y la cita literal.","","","","",""
"memoria","La Ley de Memoria Democrática debería derogarse.","POD","-2","B","Programa Podemos · Europeas 2024","Codificada a partir del programa; falta localizar la página y la cita literal.","","","","",""
"memoria","La Ley de Memoria Democrática debería derogarse.","ERC","-2","E","","Inferencia editorial a partir de la orientación general del partido; no hay propuesta explícita localizada.","","","","",""
"memoria","La Ley de Memoria Democrática debería derogarse.","JUNTS","-1","E","","Inferencia editorial a partir de la orientación general del partido; no hay propuesta explícita localizada.","","","","",""
"memoria","La Ley de Memoria Democrática debería derogarse.","BILDU","-2","E","","Inferencia editorial a partir de la orientación general del partido; no hay propuesta explícita localizada.","","","","",""
"memoria","La Ley de Memoria Democrática debería derogarse.","PNV","-2","E","","Inferencia editorial a partir de la orientación general del partido; no hay propuesta explícita localizada.","","","","",""
"memoria","La Ley de Memoria Democrática debería derogarse.","BNG","-2","E","","Inferencia editorial a partir de la orientación general del partido; no hay propuesta explícita localizada.","","","","",""
"memoria","La Ley de Memoria Democrática debería derogarse.","CC","sin posición","","","No se ha encontrado evidencia suficiente.","","","","",""
"memoria","La Ley de Memoria Democrática debería derogarse.","UPN","1","E","","Inferencia editorial a partir de la orientación general del partido; no hay propuesta explícita localizada.","","","","",""
"amnistia","La ley de amnistía para los encausados del procés debe mantenerse en vigor.","PP","-2","C","Ley Orgánica 1/2024 de amnistía · votación final en el Congreso","Codificada a partir de su voto; falta enlazar el registro oficial de la votación.","","","","",""
"amnistia","La ley de amnistía para los encausados del procés debe mantenerse en vigor.","PSOE","2","C","Ley Orgánica 1/2024 de amnistía · votación final en el Congreso","Codificada a partir de su voto; falta enlazar el registro oficial de la votación.","","","","",""
"amnistia","La ley de amnistía para los encausados del procés debe mantenerse en vigor.","VOX","-2","C","Ley Orgánica 1/2024 de amnistía · votación final en el Congreso","Codificada a partir de su voto; falta enlazar el registro oficial de la votación.","","","","",""
"amnistia","La ley de amnistía para los encausados del procés debe mantenerse en vigor.","SUMAR","2","C","Ley Orgánica 1/2024 de amnistía · votación final en el Congreso","Codificada a partir de su voto; falta enlazar el registro oficial de la votación.","","","","",""
"amnistia","La ley de amnistía para los encausados del procés debe mantenerse en vigor.","POD","2","C","Ley Orgánica 1/2024 de amnistía · votación final en el Congreso","Codificada a partir de su voto; falta enlazar el registro oficial de la votación.","","","","",""
"amnistia","La ley de amnistía para los encausados del procés debe mantenerse en vigor.","ERC","2","C","Ley Orgánica 1/2024 de amnistía · votación final en el Congreso","Codificada a partir de su voto; falta enlazar el registro oficial de la votación.","","","","",""
"amnistia","La ley de amnistía para los encausados del procés debe mantenerse en vigor.","JUNTS","2","C","Ley Orgánica 1/2024 de amnistía · votación final en el Congreso","Codificada a partir de su voto; falta enlazar el registro oficial de la votación.","","","","",""
"amnistia","La ley de amnistía para los encausados del procés debe mantenerse en vigor.","BILDU","2","C","Ley Orgánica 1/2024 de amnistía · votación final en el Congreso","Codificada a partir de su voto; falta enlazar el registro oficial de la votación.","","","","",""
"amnistia","La ley de amnistía para los encausados del procés debe mantenerse en vigor.","PNV","2","C","Ley Orgánica 1/2024 de amnistía · votación final en el Congreso","Codificada a partir de su voto; falta enlazar el registro oficial de la votación.","","","","",""
"amnistia","La ley de amnistía para los encausados del procés debe mantenerse en vigor.","BNG","2","C","Ley Orgánica 1/2024 de amnistía · votación final en el Congreso","Codificada a partir de su voto; falta enlazar el registro oficial de la votación.","","","","",""
"amnistia","La ley de amnistía para los encausados del procés debe mantenerse en vigor.","CC","-1","C","Ley Orgánica 1/2024 de amnistía · votación final en el Congreso","Codificada a partir de su voto; falta enlazar el registro oficial de la votación.","","","","",""
"amnistia","La ley de amnistía para los encausados del procés debe mantenerse en vigor.","UPN","-2","C","Ley Orgánica 1/2024 de amnistía · votación final en el Congreso","Codificada a partir de su voto; falta enlazar el registro oficial de la votación.","","","","",""
"referendum-cat","Debería permitirse un referéndum pactado sobre la independencia de Cataluña.","PP","-2","D","","Codificada a partir de declaraciones o decisiones públicas; falta la cita concreta.","","","","",""
"referendum-cat","Debería permitirse un referéndum pactado sobre la independencia de Cataluña.","PSOE","-2","D","","Codificada a partir de declaraciones o decisiones públicas; falta la cita concreta.","","","","",""
"referendum-cat","Debería permitirse un referéndum pactado sobre la independencia de Cataluña.","VOX","-2","D","","Codificada a partir de declaraciones o decisiones públicas; falta la cita concreta.","","","","",""
"referendum-cat","Debería permitirse un referéndum pactado sobre la independencia de Cataluña.","SUMAR","0","D","","Codificada a partir de declaraciones o decisiones públicas; falta la cita concreta.","","","","",""
"referendum-cat","Debería permitirse un referéndum pactado sobre la independencia de Cataluña.","POD","2","D","","Codificada a partir de declaraciones o decisiones públicas; falta la cita concreta.","","","","",""
"referendum-cat","Debería permitirse un referéndum pactado sobre la independencia de Cataluña.","ERC","2","D","","Codificada a partir de declaraciones o decisiones públicas; falta la cita concreta.","","","","",""
"referendum-cat","Debería permitirse un referéndum pactado sobre la independencia de Cataluña.","JUNTS","2","D","","Codificada a partir de declaraciones o decisiones públicas; falta la cita concreta.","","","","",""
"referendum-cat","Debería permitirse un referéndum pactado sobre la independencia de Cataluña.","BILDU","2","D","","Codificada a partir de declaraciones o decisiones públicas; falta la cita concreta.","","","","",""
"referendum-cat","Debería permitirse un referéndum pactado sobre la independencia de Cataluña.","PNV","1","D","","Codificada a partir de declaraciones o decisiones públicas; falta la cita concreta.","","","","",""
"referendum-cat","Debería permitirse un referéndum pactado sobre la independencia de Cataluña.","BNG","2","D","","Codificada a partir de declaraciones o decisiones públicas; falta la cita concreta.","","","","",""
"referendum-cat","Debería permitirse un referéndum pactado sobre la independencia de Cataluña.","CC","-1","D","","Codificada a partir de declaraciones o decisiones públicas; falta la cita concreta.","","","","",""
"referendum-cat","Debería permitirse un referéndum pactado sobre la independencia de Cataluña.","UPN","-2","D","","Codificada a partir de declaraciones o decisiones públicas; falta la cita concreta.","","","","",""
"financiacion","Cataluña debería recaudar y gestionar todos sus impuestos, como el País Vasco y Navarra.","PP","-2","B","Programa electoral PP · Generales 2023","Codificada a partir del programa; falta localizar la página y la cita literal.","","","","",""
"financiacion","Cataluña debería recaudar y gestionar todos sus impuestos, como el País Vasco y Navarra.","PSOE","1","B","Programa electoral PSOE · Generales 2023","Codificada a partir del programa; falta localizar la página y la cita literal.","","","","",""
"financiacion","Cataluña debería recaudar y gestionar todos sus impuestos, como el País Vasco y Navarra.","VOX","-2","B","Programa electoral Vox · Generales 2023","Codificada a partir del programa; falta localizar la página y la cita literal.","","","","",""
"financiacion","Cataluña debería recaudar y gestionar todos sus impuestos, como el País Vasco y Navarra.","SUMAR","1","B","Programa electoral Sumar · Generales 2023","Codificada a partir del programa; falta localizar la página y la cita literal.","","","","",""
"financiacion","Cataluña debería recaudar y gestionar todos sus impuestos, como el País Vasco y Navarra.","POD","1","B","Programa Podemos · Europeas 2024","Codificada a partir del programa; falta localizar la página y la cita literal.","","","","",""
"financiacion","Cataluña debería recaudar y gestionar todos sus impuestos, como el País Vasco y Navarra.","ERC","2","B","Esquerra Republicana de Catalunya · Programa 23J 2023","Codificada a partir del programa; falta localizar la página y la cita literal.","","","","",""
"financiacion","Cataluña debería recaudar y gestionar todos sus impuestos, como el País Vasco y Navarra.","JUNTS","2","B","Junts per Catalunya · Programa 23J 2023","Codificada a partir del programa; falta localizar la página y la cita literal.","","","","",""
"financiacion","Cataluña debería recaudar y gestionar todos sus impuestos, como el País Vasco y Navarra.","BILDU","2","B","Euskal Herria Bildu · Programa 23J 2023","Codificada a partir del programa; falta localizar la página y la cita literal.","","","","",""
"financiacion","Cataluña debería recaudar y gestionar todos sus impuestos, como el País Vasco y Navarra.","PNV","1","B","Partido Nacionalista Vasco (EAJ-PNV) · Programa 23J 2023 «Con voz propia»","Codificada a partir del programa; falta localizar la página y la cita literal.","","","","",""
"financiacion","Cataluña debería recaudar y gestionar todos sus impuestos, como el País Vasco y Navarra.","BNG","1","B","Bloque Nacionalista Galego · Programa xerais 2023","Codificada a partir del programa; falta localizar la página y la cita literal.","","","","",""
"financiacion","Cataluña debería recaudar y gestionar todos sus impuestos, como el País Vasco y Navarra.","CC","sin posición","","","No se ha encontrado evidencia suficiente.","","","","",""
"financiacion","Cataluña debería recaudar y gestionar todos sus impuestos, como el País Vasco y Navarra.","UPN","-1","B","Unión del Pueblo Navarro · Programa foral 2023-2027 y posiciones públicas","Codificada a partir del programa; falta localizar la página y la cita literal.","","","","",""
"independencia","Cataluña, el País Vasco o Galicia deberían poder llegar a ser Estados independientes.","PP","-2","B","Programa electoral PP · Generales 2023","Codificada a partir del programa; falta localizar la página y la cita literal.","","","","",""
"independencia","Cataluña, el País Vasco o Galicia deberían poder llegar a ser Estados independientes.","PSOE","-2","B","Programa electoral PSOE · Generales 2023","Codificada a partir del programa; falta localizar la página y la cita literal.","","","","",""
"independencia","Cataluña, el País Vasco o Galicia deberían poder llegar a ser Estados independientes.","VOX","-2","B","Programa electoral Vox · Generales 2023","Codificada a partir del programa; falta localizar la página y la cita literal.","","","","",""
"independencia","Cataluña, el País Vasco o Galicia deberían poder llegar a ser Estados independientes.","SUMAR","-1","B","Programa electoral Sumar · Generales 2023","Codificada a partir del programa; falta localizar la página y la cita literal.","","","","",""
"independencia","Cataluña, el País Vasco o Galicia deberían poder llegar a ser Estados independientes.","POD","-1","B","Programa Podemos · Europeas 2024","Codificada a partir del programa; falta localizar la página y la cita literal.","","","","",""
"independencia","Cataluña, el País Vasco o Galicia deberían poder llegar a ser Estados independientes.","ERC","2","B","Esquerra Republicana de Catalunya · Programa 23J 2023","Codificada a partir del programa; falta localizar la página y la cita literal.","","","","",""
"independencia","Cataluña, el País Vasco o Galicia deberían poder llegar a ser Estados independientes.","JUNTS","2","B","Junts per Catalunya · Programa 23J 2023","Codificada a partir del programa; falta localizar la página y la cita literal.","","","","",""
"independencia","Cataluña, el País Vasco o Galicia deberían poder llegar a ser Estados independientes.","BILDU","2","B","Euskal Herria Bildu · Programa 23J 2023","Codificada a partir del programa; falta localizar la página y la cita literal.","","","","",""
"independencia","Cataluña, el País Vasco o Galicia deberían poder llegar a ser Estados independientes.","PNV","0","B","Partido Nacionalista Vasco (EAJ-PNV) · Programa 23J 2023 «Con voz propia»","Codificada a partir del programa; falta localizar la página y la cita literal.","","","","",""
"independencia","Cataluña, el País Vasco o Galicia deberían poder llegar a ser Estados independientes.","BNG","1","B","Bloque Nacionalista Galego · Programa xerais 2023","Codificada a partir del programa; falta localizar la página y la cita literal.","","","","",""
"independencia","Cataluña, el País Vasco o Galicia deberían poder llegar a ser Estados independientes.","CC","-1","B","Coalición Canaria · Programas 2023 y posiciones públicas","Codificada a partir del programa; falta localizar la página y la cita literal.","","","","",""
"independencia","Cataluña, el País Vasco o Galicia deberían poder llegar a ser Estados independientes.","UPN","-2","B","Unión del Pueblo Navarro · Programa foral 2023-2027 y posiciones públicas","Codificada a partir del programa; falta localizar la página y la cita literal.","","","","",""
"recentralizar","El Estado debería recuperar competencias autonómicas como educación o sanidad.","PP","-1","B","Programa electoral PP · Generales 2023","Codificada a partir del programa; falta localizar la página y la cita literal.","","","","",""
"recentralizar","El Estado debería recuperar competencias autonómicas como educación o sanidad.","PSOE","-2","B","Programa electoral PSOE · Generales 2023","Codificada a partir del programa; falta localizar la página y la cita literal.","","","","",""
"recentralizar","El Estado debería recuperar competencias autonómicas como educación o sanidad.","VOX","2","B","Programa electoral Vox · Generales 2023","Codificada a partir del programa; falta localizar la página y la cita literal.","","","","",""
"recentralizar","El Estado debería recuperar competencias autonómicas como educación o sanidad.","SUMAR","-2","B","Programa electoral Sumar · Generales 2023","Codificada a partir del programa; falta localizar la página y la cita literal.","","","","",""
"recentralizar","El Estado debería recuperar competencias autonómicas como educación o sanidad.","POD","-2","B","Programa Podemos · Europeas 2024","Codificada a partir del programa; falta localizar la página y la cita literal.","","","","",""
"recentralizar","El Estado debería recuperar competencias autonómicas como educación o sanidad.","ERC","-2","E","","Inferencia editorial a partir de la orientación general del partido; no hay propuesta explícita localizada.","","","","",""
"recentralizar","El Estado debería recuperar competencias autonómicas como educación o sanidad.","JUNTS","-2","E","","Inferencia editorial a partir de la orientación general del partido; no hay propuesta explícita localizada.","","","","",""
"recentralizar","El Estado debería recuperar competencias autonómicas como educación o sanidad.","BILDU","-2","E","","Inferencia editorial a partir de la orientación general del partido; no hay propuesta explícita localizada.","","","","",""
"recentralizar","El Estado debería recuperar competencias autonómicas como educación o sanidad.","PNV","-2","E","","Inferencia editorial a partir de la orientación general del partido; no hay propuesta explícita localizada.","","","","",""
"recentralizar","El Estado debería recuperar competencias autonómicas como educación o sanidad.","BNG","-2","E","","Inferencia editorial a partir de la orientación general del partido; no hay propuesta explícita localizada.","","","","",""
"recentralizar","El Estado debería recuperar competencias autonómicas como educación o sanidad.","CC","-2","E","","Inferencia editorial a partir de la orientación general del partido; no hay propuesta explícita localizada.","","","","",""
"recentralizar","El Estado debería recuperar competencias autonómicas como educación o sanidad.","UPN","-1","E","","Inferencia editorial a partir de la orientación general del partido; no hay propuesta explícita localizada.","","","","",""
"concierto","Deberían mantenerse el concierto económico vasco y el convenio navarro.","PP","2","B","Programa electoral PP · Generales 2023","Codificada a partir del programa; falta localizar la página y la cita literal.","","","","",""
"concierto","Deberían mantenerse el concierto económico vasco y el convenio navarro.","PSOE","2","B","Programa electoral PSOE · Generales 2023","Codificada a partir del programa; falta localizar la página y la cita literal.","","","","",""
"concierto","Deberían mantenerse el concierto económico vasco y el convenio navarro.","VOX","-2","B","Programa electoral Vox · Generales 2023","Codificada a partir del programa; falta localizar la página y la cita literal.","","","","",""
"concierto","Deberían mantenerse el concierto económico vasco y el convenio navarro.","SUMAR","1","B","Programa electoral Sumar · Generales 2023","Codificada a partir del programa; falta localizar la página y la cita literal.","","","","",""
"concierto","Deberían mantenerse el concierto económico vasco y el convenio navarro.","POD","1","B","Programa Podemos · Europeas 2024","Codificada a partir del programa; falta localizar la página y la cita literal.","","","","",""
"concierto","Deberían mantenerse el concierto económico vasco y el convenio navarro.","ERC","1","B","Esquerra Republicana de Catalunya · Programa 23J 2023","Codificada a partir del programa; falta localizar la página y la cita literal.","","","","",""
"concierto","Deberían mantenerse el concierto económico vasco y el convenio navarro.","JUNTS","1","B","Junts per Catalunya · Programa 23J 2023","Codificada a partir del programa; falta localizar la página y la cita literal.","","","","",""
"concierto","Deberían mantenerse el concierto económico vasco y el convenio navarro.","BILDU","2","B","Euskal Herria Bildu · Programa 23J 2023","Codificada a partir del programa; falta localizar la página y la cita literal.","","","","",""
"concierto","Deberían mantenerse el concierto económico vasco y el convenio navarro.","PNV","2","B","Partido Nacionalista Vasco (EAJ-PNV) · Programa 23J 2023 «Con voz propia»","Codificada a partir del programa; falta localizar la página y la cita literal.","","","","",""
"concierto","Deberían mantenerse el concierto económico vasco y el convenio navarro.","BNG","1","B","Bloque Nacionalista Galego · Programa xerais 2023","Codificada a partir del programa; falta localizar la página y la cita literal.","","","","",""
"concierto","Deberían mantenerse el concierto económico vasco y el convenio navarro.","CC","1","B","Coalición Canaria · Programas 2023 y posiciones públicas","Codificada a partir del programa; falta localizar la página y la cita literal.","","","","",""
"concierto","Deberían mantenerse el concierto económico vasco y el convenio navarro.","UPN","2","B","Unión del Pueblo Navarro · Programa foral 2023-2027 y posiciones públicas","Codificada a partir del programa; falta localizar la página y la cita literal.","","","","",""
"lengua-empleo","Las comunidades con lengua propia deben poder exigirla para acceder a empleos públicos.","PP","-1","B","Programa electoral PP · Generales 2023","Codificada a partir del programa; falta localizar la página y la cita literal.","","","","",""
"lengua-empleo","Las comunidades con lengua propia deben poder exigirla para acceder a empleos públicos.","PSOE","1","B","Programa electoral PSOE · Generales 2023","Codificada a partir del programa; falta localizar la página y la cita literal.","","","","",""
"lengua-empleo","Las comunidades con lengua propia deben poder exigirla para acceder a empleos públicos.","VOX","-2","B","Programa electoral Vox · Generales 2023","Codificada a partir del programa; falta localizar la página y la cita literal.","","","","",""
"lengua-empleo","Las comunidades con lengua propia deben poder exigirla para acceder a empleos públicos.","SUMAR","1","B","Programa electoral Sumar · Generales 2023","Codificada a partir del programa; falta localizar la página y la cita literal.","","","","",""
"lengua-empleo","Las comunidades con lengua propia deben poder exigirla para acceder a empleos públicos.","POD","1","B","Programa Podemos · Europeas 2024","Codificada a partir del programa; falta localizar la página y la cita literal.","","","","",""
"lengua-empleo","Las comunidades con lengua propia deben poder exigirla para acceder a empleos públicos.","ERC","2","B","Esquerra Republicana de Catalunya · Programa 23J 2023","Codificada a partir del programa; falta localizar la página y la cita literal.","","","","",""
"lengua-empleo","Las comunidades con lengua propia deben poder exigirla para acceder a empleos públicos.","JUNTS","2","B","Junts per Catalunya · Programa 23J 2023","Codificada a partir del programa; falta localizar la página y la cita literal.","","","","",""
"lengua-empleo","Las comunidades con lengua propia deben poder exigirla para acceder a empleos públicos.","BILDU","2","B","Euskal Herria Bildu · Programa 23J 2023","Codificada a partir del programa; falta localizar la página y la cita literal.","","","","",""
"lengua-empleo","Las comunidades con lengua propia deben poder exigirla para acceder a empleos públicos.","PNV","2","B","Partido Nacionalista Vasco (EAJ-PNV) · Programa 23J 2023 «Con voz propia»","Codificada a partir del programa; falta localizar la página y la cita literal.","","","","",""
"lengua-empleo","Las comunidades con lengua propia deben poder exigirla para acceder a empleos públicos.","BNG","2","B","Bloque Nacionalista Galego · Programa xerais 2023","Codificada a partir del programa; falta localizar la página y la cita literal.","","","","",""
"lengua-empleo","Las comunidades con lengua propia deben poder exigirla para acceder a empleos públicos.","CC","sin posición","","","No se ha encontrado evidencia suficiente.","","","","",""
"lengua-empleo","Las comunidades con lengua propia deben poder exigirla para acceder a empleos públicos.","UPN","-2","B","Unión del Pueblo Navarro · Programa foral 2023-2027 y posiciones públicas","Codificada a partir del programa; falta localizar la página y la cita literal.","","","","",""
"nucleares","Las centrales nucleares deberían seguir funcionando más allá del calendario de cierre previsto.","PP","2","B","Programa electoral PP · Generales 2023","Codificada a partir del programa; falta localizar la página y la cita literal.","","","","",""
"nucleares","Las centrales nucleares deberían seguir funcionando más allá del calendario de cierre previsto.","PSOE","-1","B","Programa electoral PSOE · Generales 2023","Codificada a partir del programa; falta localizar la página y la cita literal.","","","","",""
"nucleares","Las centrales nucleares deberían seguir funcionando más allá del calendario de cierre previsto.","VOX","2","B","Programa electoral Vox · Generales 2023","Codificada a partir del programa; falta localizar la página y la cita literal.","","","","",""
"nucleares","Las centrales nucleares deberían seguir funcionando más allá del calendario de cierre previsto.","SUMAR","-2","B","Programa electoral Sumar · Generales 2023","Codificada a partir del programa; falta localizar la página y la cita literal.","","","","",""
"nucleares","Las centrales nucleares deberían seguir funcionando más allá del calendario de cierre previsto.","POD","-2","B","Programa Podemos · Europeas 2024","Codificada a partir del programa; falta localizar la página y la cita literal.","","","","",""
"nucleares","Las centrales nucleares deberían seguir funcionando más allá del calendario de cierre previsto.","ERC","-1","E","","Inferencia editorial a partir de la orientación general del partido; no hay propuesta explícita localizada.","","","","",""
"nucleares","Las centrales nucleares deberían seguir funcionando más allá del calendario de cierre previsto.","JUNTS","1","E","","Inferencia editorial a partir de la orientación general del partido; no hay propuesta explícita localizada.","","","","",""
"nucleares","Las centrales nucleares deberían seguir funcionando más allá del calendario de cierre previsto.","BILDU","-2","E","","Inferencia editorial a partir de la orientación general del partido; no hay propuesta explícita localizada.","","","","",""
"nucleares","Las centrales nucleares deberían seguir funcionando más allá del calendario de cierre previsto.","PNV","sin posición","","","No se ha encontrado evidencia suficiente.","","","","",""
"nucleares","Las centrales nucleares deberían seguir funcionando más allá del calendario de cierre previsto.","BNG","-2","E","","Inferencia editorial a partir de la orientación general del partido; no hay propuesta explícita localizada.","","","","",""
"nucleares","Las centrales nucleares deberían seguir funcionando más allá del calendario de cierre previsto.","CC","sin posición","","","No se ha encontrado evidencia suficiente.","","","","",""
"nucleares","Las centrales nucleares deberían seguir funcionando más allá del calendario de cierre previsto.","UPN","1","E","","Inferencia editorial a partir de la orientación general del partido; no hay propuesta explícita localizada.","","","","",""
"transicion","Habría que retrasar objetivos climáticos como el fin de la venta de coches de combustión en 2035.","PP","1","B","Programa electoral PP · Generales 2023","Codificada a partir del programa; falta localizar la página y la cita literal.","","","","",""
"transicion","Habría que retrasar objetivos climáticos como el fin de la venta de coches de combustión en 2035.","PSOE","-2","B","Programa electoral PSOE · Generales 2023","Codificada a partir del programa; falta localizar la página y la cita literal.","","","","",""
"transicion","Habría que retrasar objetivos climáticos como el fin de la venta de coches de combustión en 2035.","VOX","2","B","Programa electoral Vox · Generales 2023","Codificada a partir del programa; falta localizar la página y la cita literal.","","","","",""
"transicion","Habría que retrasar objetivos climáticos como el fin de la venta de coches de combustión en 2035.","SUMAR","-2","B","Programa electoral Sumar · Generales 2023","Codificada a partir del programa; falta localizar la página y la cita literal.","","","","",""
"transicion","Habría que retrasar objetivos climáticos como el fin de la venta de coches de combustión en 2035.","POD","-2","B","Programa Podemos · Europeas 2024","Codificada a partir del programa; falta localizar la página y la cita literal.","","","","",""
"transicion","Habría que retrasar objetivos climáticos como el fin de la venta de coches de combustión en 2035.","ERC","-2","E","","Inferencia editorial a partir de la orientación general del partido; no hay propuesta explícita localizada.","","","","",""
"transicion","Habría que retrasar objetivos climáticos como el fin de la venta de coches de combustión en 2035.","JUNTS","-1","E","","Inferencia editorial a partir de la orientación general del partido; no hay propuesta explícita localizada.","","","","",""
"transicion","Habría que retrasar objetivos climáticos como el fin de la venta de coches de combustión en 2035.","BILDU","-2","E","","Inferencia editorial a partir de la orientación general del partido; no hay propuesta explícita localizada.","","","","",""
"transicion","Habría que retrasar objetivos climáticos como el fin de la venta de coches de combustión en 2035.","PNV","0","E","","Inferencia editorial a partir de la orientación general del partido; no hay propuesta explícita localizada.","","","","",""
"transicion","Habría que retrasar objetivos climáticos como el fin de la venta de coches de combustión en 2035.","BNG","-2","E","","Inferencia editorial a partir de la orientación general del partido; no hay propuesta explícita localizada.","","","","",""
"transicion","Habría que retrasar objetivos climáticos como el fin de la venta de coches de combustión en 2035.","CC","-1","E","","Inferencia editorial a partir de la orientación general del partido; no hay propuesta explícita localizada.","","","","",""
"transicion","Habría que retrasar objetivos climáticos como el fin de la venta de coches de combustión en 2035.","UPN","1","E","","Inferencia editorial a partir de la orientación general del partido; no hay propuesta explícita localizada.","","","","",""
"concertada","Hay que reducir progresivamente la financiación pública de la escuela concertada en favor de la pública.","PP","-2","B","Programa electoral PP · Generales 2023","Codificada a partir del programa; falta localizar la página y la cita literal.","","","","",""
"concertada","Hay que reducir progresivamente la financiación pública de la escuela concertada en favor de la pública.","PSOE","1","B","Programa electoral PSOE · Generales 2023","Codificada a partir del programa; falta localizar la página y la cita literal.","","","","",""
"concertada","Hay que reducir progresivamente la financiación pública de la escuela concertada en favor de la pública.","VOX","-2","B","Programa electoral Vox · Generales 2023","Codificada a partir del programa; falta localizar la página y la cita literal.","","","","",""
"concertada","Hay que reducir progresivamente la financiación pública de la escuela concertada en favor de la pública.","SUMAR","2","B","Programa electoral Sumar · Generales 2023","Codificada a partir del programa; falta localizar la página y la cita literal.","","","","",""
"concertada","Hay que reducir progresivamente la financiación pública de la escuela concertada en favor de la pública.","POD","2","B","Programa Podemos · Europeas 2024","Codificada a partir del programa; falta localizar la página y la cita literal.","","","","",""
"concertada","Hay que reducir progresivamente la financiación pública de la escuela concertada en favor de la pública.","ERC","1","E","","Inferencia editorial a partir de la orientación general del partido; no hay propuesta explícita localizada.","","","","",""
"concertada","Hay que reducir progresivamente la financiación pública de la escuela concertada en favor de la pública.","JUNTS","-1","E","","Inferencia editorial a partir de la orientación general del partido; no hay propuesta explícita localizada.","","","","",""
"concertada","Hay que reducir progresivamente la financiación pública de la escuela concertada en favor de la pública.","BILDU","2","E","","Inferencia editorial a partir de la orientación general del partido; no hay propuesta explícita localizada.","","","","",""
"concertada","Hay que reducir progresivamente la financiación pública de la escuela concertada en favor de la pública.","PNV","-1","E","","Inferencia editorial a partir de la orientación general del partido; no hay propuesta explícita localizada.","","","","",""
"concertada","Hay que reducir progresivamente la financiación pública de la escuela concertada en favor de la pública.","BNG","2","E","","Inferencia editorial a partir de la orientación general del partido; no hay propuesta explícita localizada.","","","","",""
"concertada","Hay que reducir progresivamente la financiación pública de la escuela concertada en favor de la pública.","CC","sin posición","","","No se ha encontrado evidencia suficiente.","","","","",""
"concertada","Hay que reducir progresivamente la financiación pública de la escuela concertada en favor de la pública.","UPN","-2","E","","Inferencia editorial a partir de la orientación general del partido; no hay propuesta explícita localizada.","","","","",""
"sanidad-privada","La sanidad pública debería derivar más pruebas y operaciones a centros privados.","PP","1","B","Programa electoral PP · Generales 2023","Codificada a partir del programa; falta localizar la página y la cita literal.","","","","",""
"sanidad-privada","La sanidad pública debería derivar más pruebas y operaciones a centros privados.","PSOE","-1","B","Programa electoral PSOE · Generales 2023","Codificada a partir del programa; falta localizar la página y la cita literal.","","","","",""
"sanidad-privada","La sanidad pública debería derivar más pruebas y operaciones a centros privados.","VOX","1","B","Programa electoral Vox · Generales 2023","Codificada a partir del programa; falta localizar la página y la cita literal.","","","","",""
"sanidad-privada","La sanidad pública debería derivar más pruebas y operaciones a centros privados.","SUMAR","-2","B","Programa electoral Sumar · Generales 2023","Codificada a partir del programa; falta localizar la página y la cita literal.","","","","",""
"sanidad-privada","La sanidad pública debería derivar más pruebas y operaciones a centros privados.","POD","-2","B","Programa Podemos · Europeas 2024","Codificada a partir del programa; falta localizar la página y la cita literal.","","","","",""
"sanidad-privada","La sanidad pública debería derivar más pruebas y operaciones a centros privados.","ERC","-1","E","","Inferencia editorial a partir de la orientación general del partido; no hay propuesta explícita localizada.","","","","",""
"sanidad-privada","La sanidad pública debería derivar más pruebas y operaciones a centros privados.","JUNTS","1","E","","Inferencia editorial a partir de la orientación general del partido; no hay propuesta explícita localizada.","","","","",""
"sanidad-privada","La sanidad pública debería derivar más pruebas y operaciones a centros privados.","BILDU","-2","E","","Inferencia editorial a partir de la orientación general del partido; no hay propuesta explícita localizada.","","","","",""
"sanidad-privada","La sanidad pública debería derivar más pruebas y operaciones a centros privados.","PNV","0","E","","Inferencia editorial a partir de la orientación general del partido; no hay propuesta explícita localizada.","","","","",""
"sanidad-privada","La sanidad pública debería derivar más pruebas y operaciones a centros privados.","BNG","-2","E","","Inferencia editorial a partir de la orientación general del partido; no hay propuesta explícita localizada.","","","","",""
"sanidad-privada","La sanidad pública debería derivar más pruebas y operaciones a centros privados.","CC","sin posición","","","No se ha encontrado evidencia suficiente.","","","","",""
"sanidad-privada","La sanidad pública debería derivar más pruebas y operaciones a centros privados.","UPN","1","E","","Inferencia editorial a partir de la orientación general del partido; no hay propuesta explícita localizada.","","","","",""
"cgpj","El Parlamento debe seguir eligiendo a los miembros del Consejo General del Poder Judicial.","PP","-2","B","Programa electoral PP · Generales 2023","Codificada a partir del programa; falta localizar la página y la cita literal.","","","","",""
"cgpj","El Parlamento debe seguir eligiendo a los miembros del Consejo General del Poder Judicial.","PSOE","1","B","Programa electoral PSOE · Generales 2023","Codificada a partir del programa; falta localizar la página y la cita literal.","","","","",""
"cgpj","El Parlamento debe seguir eligiendo a los miembros del Consejo General del Poder Judicial.","VOX","-2","B","Programa electoral Vox · Generales 2023","Codificada a partir del programa; falta localizar la página y la cita literal.","","","","",""
"cgpj","El Parlamento debe seguir eligiendo a los miembros del Consejo General del Poder Judicial.","SUMAR","2","B","Programa electoral Sumar · Generales 2023","Codificada a partir del programa; falta localizar la página y la cita literal.","","","","",""
"cgpj","El Parlamento debe seguir eligiendo a los miembros del Consejo General del Poder Judicial.","POD","2","B","Programa Podemos · Europeas 2024","Codificada a partir del programa; falta localizar la página y la cita literal.","","","","",""
"cgpj","El Parlamento debe seguir eligiendo a los miembros del Consejo General del Poder Judicial.","ERC","2","E","","Inferencia editorial a partir de la orientación general del partido; no hay propuesta explícita localizada.","","","","",""
"cgpj","El Parlamento debe seguir eligiendo a los miembros del Consejo General del Poder Judicial.","JUNTS","1","E","","Inferencia editorial a partir de la orientación general del partido; no hay propuesta explícita localizada.","","","","",""
"cgpj","El Parlamento debe seguir eligiendo a los miembros del Consejo General del Poder Judicial.","BILDU","2","E","","Inferencia editorial a partir de la orientación general del partido; no hay propuesta explícita localizada.","","","","",""
"cgpj","El Parlamento debe seguir eligiendo a los miembros del Consejo General del Poder Judicial.","PNV","0","E","","Inferencia editorial a partir de la orientación general del partido; no hay propuesta explícita localizada.","","","","",""
"cgpj","El Parlamento debe seguir eligiendo a los miembros del Consejo General del Poder Judicial.","BNG","2","E","","Inferencia editorial a partir de la orientación general del partido; no hay propuesta explícita localizada.","","","","",""
"cgpj","El Parlamento debe seguir eligiendo a los miembros del Consejo General del Poder Judicial.","CC","sin posición","","","No se ha encontrado evidencia suficiente.","","","","",""
"cgpj","El Parlamento debe seguir eligiendo a los miembros del Consejo General del Poder Judicial.","UPN","-2","E","","Inferencia editorial a partir de la orientación general del partido; no hay propuesta explícita localizada.","","","","",""
"monarquia","La monarquía parlamentaria es la forma de Estado adecuada para España.","PP","2","D","","Codificada a partir de declaraciones o decisiones públicas; falta la cita concreta.","","","","",""
"monarquia","La monarquía parlamentaria es la forma de Estado adecuada para España.","PSOE","1","D","","Codificada a partir de declaraciones o decisiones públicas; falta la cita concreta.","","","","",""
"monarquia","La monarquía parlamentaria es la forma de Estado adecuada para España.","VOX","2","D","","Codificada a partir de declaraciones o decisiones públicas; falta la cita concreta.","","","","",""
"monarquia","La monarquía parlamentaria es la forma de Estado adecuada para España.","SUMAR","-1","D","","Codificada a partir de declaraciones o decisiones públicas; falta la cita concreta.","","","","",""
"monarquia","La monarquía parlamentaria es la forma de Estado adecuada para España.","POD","-2","D","","Codificada a partir de declaraciones o decisiones públicas; falta la cita concreta.","","","","",""
"monarquia","La monarquía parlamentaria es la forma de Estado adecuada para España.","ERC","-2","D","","Codificada a partir de declaraciones o decisiones públicas; falta la cita concreta.","","","","",""
"monarquia","La monarquía parlamentaria es la forma de Estado adecuada para España.","JUNTS","-2","D","","Codificada a partir de declaraciones o decisiones públicas; falta la cita concreta.","","","","",""
"monarquia","La monarquía parlamentaria es la forma de Estado adecuada para España.","BILDU","-2","D","","Codificada a partir de declaraciones o decisiones públicas; falta la cita concreta.","","","","",""
"monarquia","La monarquía parlamentaria es la forma de Estado adecuada para España.","PNV","0","D","","Codificada a partir de declaraciones o decisiones públicas; falta la cita concreta.","","","","",""
"monarquia","La monarquía parlamentaria es la forma de Estado adecuada para España.","BNG","-2","D","","Codificada a partir de declaraciones o decisiones públicas; falta la cita concreta.","","","","",""
"monarquia","La monarquía parlamentaria es la forma de Estado adecuada para España.","CC","1","D","","Codificada a partir de declaraciones o decisiones públicas; falta la cita concreta.","","","","",""
"monarquia","La monarquía parlamentaria es la forma de Estado adecuada para España.","UPN","2","D","","Codificada a partir de declaraciones o decisiones públicas; falta la cita concreta.","","","","",""
"defensa","España debe aumentar el gasto en defensa hasta al menos el 2 % del PIB.","PP","2","D","","Codificada a partir de declaraciones o decisiones públicas; falta la cita concreta.","","","","",""
"defensa","España debe aumentar el gasto en defensa hasta al menos el 2 % del PIB.","PSOE","1","D","","Codificada a partir de declaraciones o decisiones públicas; falta la cita concreta.","","","","",""
"defensa","España debe aumentar el gasto en defensa hasta al menos el 2 % del PIB.","VOX","1","D","","Codificada a partir de declaraciones o decisiones públicas; falta la cita concreta.","","","","",""
"defensa","España debe aumentar el gasto en defensa hasta al menos el 2 % del PIB.","SUMAR","-1","D","","Codificada a partir de declaraciones o decisiones públicas; falta la cita concreta.","","","","",""
"defensa","España debe aumentar el gasto en defensa hasta al menos el 2 % del PIB.","POD","-2","D","","Codificada a partir de declaraciones o decisiones públicas; falta la cita concreta.","","","","",""
"defensa","España debe aumentar el gasto en defensa hasta al menos el 2 % del PIB.","ERC","-1","D","","Codificada a partir de declaraciones o decisiones públicas; falta la cita concreta.","","","","",""
"defensa","España debe aumentar el gasto en defensa hasta al menos el 2 % del PIB.","JUNTS","1","D","","Codificada a partir de declaraciones o decisiones públicas; falta la cita concreta.","","","","",""
"defensa","España debe aumentar el gasto en defensa hasta al menos el 2 % del PIB.","BILDU","-2","D","","Codificada a partir de declaraciones o decisiones públicas; falta la cita concreta.","","","","",""
"defensa","España debe aumentar el gasto en defensa hasta al menos el 2 % del PIB.","PNV","1","D","","Codificada a partir de declaraciones o decisiones públicas; falta la cita concreta.","","","","",""
"defensa","España debe aumentar el gasto en defensa hasta al menos el 2 % del PIB.","BNG","-2","D","","Codificada a partir de declaraciones o decisiones públicas; falta la cita concreta.","","","","",""
"defensa","España debe aumentar el gasto en defensa hasta al menos el 2 % del PIB.","CC","1","D","","Codificada a partir de declaraciones o decisiones públicas; falta la cita concreta.","","","","",""
"defensa","España debe aumentar el gasto en defensa hasta al menos el 2 % del PIB.","UPN","2","D","","Codificada a partir de declaraciones o decisiones públicas; falta la cita concreta.","","","","",""
"ucrania","España debe seguir enviando ayuda militar a Ucrania.","PP","2","D","","Codificada a partir de declaraciones o decisiones públicas; falta la cita concreta.","","","","",""
"ucrania","España debe seguir enviando ayuda militar a Ucrania.","PSOE","2","D","","Codificada a partir de declaraciones o decisiones públicas; falta la cita concreta.","","","","",""
"ucrania","España debe seguir enviando ayuda militar a Ucrania.","VOX","1","D","","Codificada a partir de declaraciones o decisiones públicas; falta la cita concreta.","","","","",""
"ucrania","España debe seguir enviando ayuda militar a Ucrania.","SUMAR","0","D","","Codificada a partir de declaraciones o decisiones públicas; falta la cita concreta.","","","","",""
"ucrania","España debe seguir enviando ayuda militar a Ucrania.","POD","-2","D","","Codificada a partir de declaraciones o decisiones públicas; falta la cita concreta.","","","","",""
"ucrania","España debe seguir enviando ayuda militar a Ucrania.","ERC","1","D","","Codificada a partir de declaraciones o decisiones públicas; falta la cita concreta.","","","","",""
"ucrania","España debe seguir enviando ayuda militar a Ucrania.","JUNTS","2","D","","Codificada a partir de declaraciones o decisiones públicas; falta la cita concreta.","","","","",""
"ucrania","España debe seguir enviando ayuda militar a Ucrania.","BILDU","-1","D","","Codificada a partir de declaraciones o decisiones públicas; falta la cita concreta.","","","","",""
"ucrania","España debe seguir enviando ayuda militar a Ucrania.","PNV","2","D","","Codificada a partir de declaraciones o decisiones públicas; falta la cita concreta.","","","","",""
"ucrania","España debe seguir enviando ayuda militar a Ucrania.","BNG","-1","D","","Codificada a partir de declaraciones o decisiones públicas; falta la cita concreta.","","","","",""
"ucrania","España debe seguir enviando ayuda militar a Ucrania.","CC","2","D","","Codificada a partir de declaraciones o decisiones públicas; falta la cita concreta.","","","","",""
"ucrania","España debe seguir enviando ayuda militar a Ucrania.","UPN","2","D","","Codificada a partir de declaraciones o decisiones públicas; falta la cita concreta.","","","","",""
"israel","España debe aplicar un embargo comercial y de armas a Israel por la guerra en Gaza.","PP","-1","D","","Codificada a partir de declaraciones o decisiones públicas; falta la cita concreta.","","","","",""
"israel","España debe aplicar un embargo comercial y de armas a Israel por la guerra en Gaza.","PSOE","1","D","","Codificada a partir de declaraciones o decisiones públicas; falta la cita concreta.","","","","",""
"israel","España debe aplicar un embargo comercial y de armas a Israel por la guerra en Gaza.","VOX","-2","D","","Codificada a partir de declaraciones o decisiones públicas; falta la cita concreta.","","","","",""
"israel","España debe aplicar un embargo comercial y de armas a Israel por la guerra en Gaza.","SUMAR","2","D","","Codificada a partir de declaraciones o decisiones públicas; falta la cita concreta.","","","","",""
"israel","España debe aplicar un embargo comercial y de armas a Israel por la guerra en Gaza.","POD","2","D","","Codificada a partir de declaraciones o decisiones públicas; falta la cita concreta.","","","","",""
"israel","España debe aplicar un embargo comercial y de armas a Israel por la guerra en Gaza.","ERC","2","D","","Codificada a partir de declaraciones o decisiones públicas; falta la cita concreta.","","","","",""
"israel","España debe aplicar un embargo comercial y de armas a Israel por la guerra en Gaza.","JUNTS","0","D","","Codificada a partir de declaraciones o decisiones públicas; falta la cita concreta.","","","","",""
"israel","España debe aplicar un embargo comercial y de armas a Israel por la guerra en Gaza.","BILDU","2","D","","Codificada a partir de declaraciones o decisiones públicas; falta la cita concreta.","","","","",""
"israel","España debe aplicar un embargo comercial y de armas a Israel por la guerra en Gaza.","PNV","1","D","","Codificada a partir de declaraciones o decisiones públicas; falta la cita concreta.","","","","",""
"israel","España debe aplicar un embargo comercial y de armas a Israel por la guerra en Gaza.","BNG","2","D","","Codificada a partir de declaraciones o decisiones públicas; falta la cita concreta.","","","","",""
"israel","España debe aplicar un embargo comercial y de armas a Israel por la guerra en Gaza.","CC","sin posición","","","No se ha encontrado evidencia suficiente.","","","","",""
"israel","España debe aplicar un embargo comercial y de armas a Israel por la guerra en Gaza.","UPN","-1","D","","Codificada a partir de declaraciones o decisiones públicas; falta la cita concreta.","","","","",""
"ue","La Unión Europea debería asumir más competencias que hoy tienen los Estados.","PP","1","D","","Codificada a partir de declaraciones o decisiones públicas; falta la cita concreta.","","","","",""
"ue","La Unión Europea debería asumir más competencias que hoy tienen los Estados.","PSOE","2","D","","Codificada a partir de declaraciones o decisiones públicas; falta la cita concreta.","","","","",""
"ue","La Unión Europea debería asumir más competencias que hoy tienen los Estados.","VOX","-2","D","","Codificada a partir de declaraciones o decisiones públicas; falta la cita concreta.","","","","",""
"ue","La Unión Europea debería asumir más competencias que hoy tienen los Estados.","SUMAR","1","D","","Codificada a partir de declaraciones o decisiones públicas; falta la cita concreta.","","","","",""
"ue","La Unión Europea debería asumir más competencias que hoy tienen los Estados.","POD","-1","D","","Codificada a partir de declaraciones o decisiones públicas; falta la cita concreta.","","","","",""
"ue","La Unión Europea debería asumir más competencias que hoy tienen los Estados.","ERC","1","D","","Codificada a partir de declaraciones o decisiones públicas; falta la cita concreta.","","","","",""
"ue","La Unión Europea debería asumir más competencias que hoy tienen los Estados.","JUNTS","1","D","","Codificada a partir de declaraciones o decisiones públicas; falta la cita concreta.","","","","",""
"ue","La Unión Europea debería asumir más competencias que hoy tienen los Estados.","BILDU","0","D","","Codificada a partir de declaraciones o decisiones públicas; falta la cita concreta.","","","","",""
"ue","La Unión Europea debería asumir más competencias que hoy tienen los Estados.","PNV","2","D","","Codificada a partir de declaraciones o decisiones públicas; falta la cita concreta.","","","","",""
"ue","La Unión Europea debería asumir más competencias que hoy tienen los Estados.","BNG","-1","D","","Codificada a partir de declaraciones o decisiones públicas; falta la cita concreta.","","","","",""
"ue","La Unión Europea debería asumir más competencias que hoy tienen los Estados.","CC","1","D","","Codificada a partir de declaraciones o decisiones públicas; falta la cita concreta.","","","","",""
"ue","La Unión Europea debería asumir más competencias que hoy tienen los Estados.","UPN","1","D","","Codificada a partir de declaraciones o decisiones públicas; falta la cita concreta.","","","","",""